Company Name,Websites
Celonis,https://www.celonis.com/careers/
Celonis,https://www.celonis.com/careers/jobs/
Celonis,https://www.celonis.com/careers/jobs/locations/munich-germany/
Celonis,https://www.celonis.com/careers/early-professionals/
Celonis,https://www.celonis.com/careers/experienced-professionals/
Celonis,https://www.celonis.com/careers/entry-level/
Celonis,https://de.linkedin.com/jobs/celonis-stellen
Celonis,https://de.indeed.com/q-celonis-jobs.html
Celonis,https://www.stepstone.de/jobs/celonis-se
Celonis,https://de.linkedin.com/jobs/celonis-stellen
Celonis,https://de.linkedin.com/company/celonis/jobs
Celonis,https://de.indeed.com/q-celonis-jobs.html
uberall,https://www.linkedin.com/company/get-uberall/jobs
uberall,https://uberall.com/de/company/careers
uberall,https://jobs.eu.lever.co/uberall
uberall,https://uberall.com/es/careers-test-page
uberall,https://www.linkedin.com/jobs/uberall-jobs-worldwide
uberall,https://uberall.com/de/company/careers
Foodpanda,https://careers.foodpanda.com/
Foodpanda,https://careers.foodpanda.com/jobs
Foodpanda,https://careers.foodpanda.com/malaysia
Foodpanda,https://careers.foodpanda.com/philippines
Foodpanda,https://careers.foodpanda.com/teams
Foodpanda,https://careers.foodpanda.com/bangladesh
Foodpanda,https://www.linkedin.com/jobs/foodpanda-jobs-worldwide
FlixBus,https://de.linkedin.com/company/flixbus/jobs
FlixBus,https://de.indeed.com/q-flixbus-jobs.html
FlixBus,https://www.linkedin.com/jobs/flixbus-jobs-worldwide
FlixBus,https://global.flixbus.com/company/jobs/privacy-policy
FlixBus,https://www.xing.com/jobs/flixbus
wefox,https://www.linkedin.com/jobs/wefox-jobs-berlin?trk=jobs_jserp_crossLink_click
wefox,https://www.stepstone.de/cmp/de/wefox-Germany-GmbH-162259/jobs.html
wefox,https://www.wefox.com/en-de/jobs
wefox,https://careers.wefox.com/
wefox,https://careers.wefox.com/en-de/location/germany/german
wefox,https://www.wefox.at/jobs
wefox,https://www.linkedin.com/jobs/wefox-jobs-berlin?trk=jobs_jserp_crossLink_click
wefox,https://www.linkedin.com/jobs/wefox-jobs-worldwide
wefox,https://careers.wefox.com/en-de/location/germany
SoundCloud,https://careers.soundcloud.com/
SoundCloud,https://careers.soundcloud.com/?gh_jid=6850216002
SoundCloud,https://careers.soundcloud.com/?gh_jid=6629137002&utm_source=Otta
SoundCloud,https://www.linkedin.com/company/soundcloud/jobs
SoundCloud,https://www.linkedin.com/jobs/soundcloud-jobs-berlin?trk=guest_job_search_related_jserp_link
SoundCloud,https://soundcloud.com/soundcloudjobs
Mambu,https://mambu.com/careers
Mambu,https://mambu.com/careers/recruitment-process
Mambu,https://mambu.com/insights/careers
Mambu,https://mambu.com/careers?wtime=%7Bseek_to_second_number%7D
Mambu,https://careers-mambu.icims.com/
Mambu,https://www.linkedin.com/company/mambu/jobs
Mambu,https://de.linkedin.com/company/mambu/jobs
Mambu,https://4dayweek.io/company/mambu/jobs
Lilium,https://lilium.com/careers
Lilium,https://lilium.com/jobs/1663219
Lilium,https://www.linkedin.com/company/lilium-aviation-gmbh/jobs
Lilium,https://de.indeed.com/q-lilium-l-m%C3%BCnchen-jobs.html
Lilium,https://de.linkedin.com/company/lilium-aviation-gmbh/jobs
Lilium,https://www.linkedin.com/jobs/lilium-jobs-munich?trk=jobs_jserp_crossLink_click
Lilium,https://de.indeed.com/q-lilium-l-m%C3%BCnchen-jobs.html
Lilium,https://de.indeed.com/q-lilium-l-we%C3%9Fling-jobs.html
Lilium,https://lilium.com/careers
Lilium,https://lilium.com/jobs/5757435
Forto,https://careers.forto.com/job-board/
Forto,https://careers.forto.com/
Forto,https://careers.forto.com/job-application/
Forto,https://www.linkedin.com/jobs/forto-jobs-worldwide
Forto,https://www.xing.com/jobs/forto-jobs-in-hamburg
Forto,https://www.linkedin.com/jobs/forto-jobs-worldwide
Forto,https://de.linkedin.com/company/fortocompany/jobs
Forto,https://careers.forto.com/
OroraTech,https://ororatech.com/careers/
OroraTech,https://www.linkedin.com/jobs/ororatech-jobs-worldwide
OroraTech,https://de.indeed.com/q-ororatech-jobs.html
OroraTech,https://ororatech.jobs.personio.de/
OroraTech,https://www.linkedin.com/jobs/ororatech-jobs-worldwide
OroraTech,https://ororatech.com/careers/
OroraTech,https://de.indeed.com/q-ororatech-jobs.html
OroraTech,https://ororatech.jobs.personio.de/job/1114808?language=en
Habyt,https://careers.habyt.com/
Habyt,https://careers.habyt.com/jobs
Habyt,https://careers.habyt.com/jobs/4269363-performance-marketing-associate?utm_campaign=jobs-widget&utm_source=careers.habyt.com&utm_content=jobs&utm_medium=web
Habyt,https://careers.habyt.com/jobs/3556064-guest-experience-intern
Habyt,https://careers.habyt.com/data-privacy
Habyt,https://careers.habyt.com/jobs/3730553-sales-associate-leasing-specialist
Habyt,https://www.linkedin.com/jobs/habyt-jobs-worldwide
Habyt,https://www.linkedin.com/jobs/habyt-jobs-worldwide
Habyt,https://de.linkedin.com/company/habytglobal/jobs
OneFootball,https://company.onefootball.com/career/
OneFootball,https://www.linkedin.com/company/onefootball/jobs/
OneFootball,https://angel.co/company/onefootball/jobs?roles=product
OneFootball,https://www.linkedin.com/company/onefootball/jobs/
OneFootball,https://jobs.lever.co/onefootball
OneFootball,https://de.linkedin.com/company/onefootball/jobs
OneFootball,https://onefootball.com/de/video/rodgers-callum-can-be-very-proud-of-his-scotland-career-39873254
OneFootball,https://onefootball.com/de/video/rodgers-callum-can-be-very-proud-of-his-scotland-career-39873254
OneFootball,https://onefootball.com/de/video/nagelsmann-this-was-a-unique-opportunity-in-my-career-2ixtQNnDCAFvM0R5DUPc2HdnMnb
OneFootball,https://onefootball.com/de/video/nagelsmann-this-was-a-unique-opportunity-in-my-career-2ixtQNnDCAFvM0R5DUPc2HdnMnb
OneFootball,https://onefootball.com/en/video/rodgers-callum-can-be-very-proud-of-his-scotland-career-39873254
OneFootball,https://onefootball.com/en/video/rodgers-callum-can-be-very-proud-of-his-scotland-career-39873254
OneFootball,https://angel.co/company/onefootball/jobs?roles=product
parcelLab,https://parcellab.com/de/karriere/
parcelLab,https://www.linkedin.com/jobs/parcellab-jobs-worldwide
parcelLab,https://jobs.lever.co/parcellab
parcelLab,https://parcellab.com/careers/
parcelLab,https://wellfound.com/company/parcellab/jobs
Contentful,https://www.contentful.com/careers/
Contentful,https://www.linkedin.com/jobs/contentful-jobs-worldwide
Contentful,https://de.indeed.com/q-contentful-l-berlin-jobs.html
Contentful,https://www.linkedin.com/jobs/contentful-jobs-worldwide
Contentful,https://de.linkedin.com/jobs/contentful-stellen
Contentful,https://de.indeed.com/q-contentful-l-berlin-jobs.html
Contentful,https://de.indeed.com/q-contentful-jobs.html
Adjust,https://www.adjust.com/company/careers/
Adjust,https://berlinstartupjobs.com/de/companies/adjust/
Adjust,https://de.indeed.com/q-adjust-l-berlin-jobs.html
Adjust,https://de.linkedin.com/jobs/adjust-stellen
CoachHub,https://www.coachhub.com/de/jobs/
CoachHub,https://de.linkedin.com/company/coachhub/jobs
CoachHub,https://www.linkedin.com/company/coachhub/jobs
CoachHub,https://berlinstartupjobs.com/de/companies/coachhub/
CoachHub,https://wd3.myworkdaysite.com/de-DE/recruiting/coachhub/CoachHub/job/Hybrid---Berlin/AR-AP-Specialist--f-m-d-_JR100290
DHL,https://careers.dhl.com/eu/de/werde-eine-von-uns
DHL,https://de.indeed.com/q-dhl-l-erlangen-jobs.html
DHL,https://www.career.aero/dhl/de/user/login
DHL,https://www.stepstone.de/cmp/de/dhl-global-forwarding-40393/jobs/in-bayern
DHL,https://www.linkedin.com/company/dhl/jobs
DHL,https://careers.dhl.com/global/en
DHL,https://careers.dhl.com/amer/en
DHL,https://careers.dhl.com/global/en/c/warehouse-and-package-handling-jobs
DHL,https://careers.dhl.com/global/en/dhl-express
DHL,https://careers.dhl.com/global/en/search-results
DHL,https://careers.dhl.com/global/en/students-graduates
DHL,https://de.indeed.com/q-dhl-l-erlangen-jobs.html
DHL,https://careers.dhl.com/eu/de/search-results
DHL,https://www.career.aero/dhl/de/user/login
DHL,https://de.indeed.com/q-dhl-l-bayern-jobs.html
DHL,https://www.career.aero/dhl
Infarm,https://www.hotelcareer.de/jobs/infarm-indoor-urban-farming-111892
Infarm,https://www.infarm.com/careers
Infarm,https://berlinstartupjobs.com/de/companies/infarm/
Infarm,https://www.infarm.com/careers
Solarisbank,https://www.stepstone.de/jobs/solarisbank-ag/in-berlin
Solarisbank,https://www.xing.com/jobs/solarisbank-jobs-in-berlin
Solarisbank,https://wellfound.com/company/solarisbank-ag/jobs
Solarisbank,https://startup.jobs/company/solarisbank
Solarisbank,https://www.metajob.de/solarisbank
Solarisbank,https://www.stepstone.de/jobs/solarisbank-ag/in-berlin
GetYourGuide,https://www.getyourguide.careers/
GetYourGuide,https://www.getyourguide.careers/location/berlin
GetYourGuide,https://www.getyourguide.careers/open-roles
GetYourGuide,https://www.getyourguide.careers/locations
GetYourGuide,https://www.getyourguide.careers/our-teams
GetYourGuide,https://www.getyourguide.careers/category/sales-supply
GetYourGuide,https://www.linkedin.com/company/getyourguide-ag/jobs/
GetYourGuide,https://de.indeed.com/q-getyourguide-jobs.html
GetYourGuide,https://www.linkedin.com/company/getyourguide-ag/jobs/
GetYourGuide,https://de.indeed.com/q-getyourguide-jobs.html
GetYourGuide,https://www.linkedin.com/jobs/getyourguide-stellen-berlin?trk=public_jobs_related_jserp_link
TWAICE,https://www.twaice.com/careers
TWAICE,https://de.twaice.com/careers
TWAICE,https://www.linkedin.com/jobs/twaice-jobs-worldwide
TWAICE,https://twaice.jobs.personio.com/?language=de
TWAICE,https://www.twaice.com/careers
TWAICE,https://talent.cherry.vc/jobs/twaice
TWAICE,https://twaice.jobs.personio.com/
TWAICE,https://goodjobs.eu/company/twaice-technologies-gmbh
HomeToGo,https://www.hometogo.com/careers/
HomeToGo,https://www.hometogo.com/careers/how-we-hire/
HomeToGo,https://www.hometogo.com/careers/flexiblework/
HomeToGo,https://www.hometogo.com/careers/product/
HomeToGo,https://www.hometogo.com/careers/technology/
HomeToGo,https://www.linkedin.com/jobs/hometogo-jobs-worldwide
HomeToGo,https://de.indeed.com/q-hometogo-jobs.html
HomeToGo,https://www.linkedin.com/jobs/hometogo-jobs-worldwide
HomeToGo,https://www.hometogo.com/careers/how-we-hire/
Personio,https://www.personio.com/about-personio/careers/
Personio,https://www.personio.com/about-personio/careers/people-workplace/
Personio,https://www.personio.com/about-personio/careers/product-engineering/
Personio,https://www.personio.com/about-personio/careers/students-graduates/
Personio,https://www.personio.com/about-personio/careers/germany/
Personio,https://www.personio.com/about-personio/careers/customer-experience/
Personio,https://personio.jobs.personio.de/?language=de
Personio,https://support.personio.de/hc/en-us/articles/8758636857629-Set-up-the-Personio-career-page
Personio,https://support.personio.de/hc/en-us/articles/8758636857629-Set-up-the-Personio-career-page#h_01FN8Q11NAF8JVREC51H8P8HKX
Personio,https://support.personio.de/hc/en-us/articles/8758636857629-Set-up-the-Personio-career-page#h_01FN8QCFQ7AY241HZDPMAXZYDS
Personio,https://de.linkedin.com/company/personio/jobs
Volocopter,https://www.volocopter.com/de/career
Volocopter,https://www.volocopter.com/career/
Volocopter,https://de.indeed.com/q-volocopter-jobs.html
Volocopter,https://de.linkedin.com/company/volocopter/jobs
Volocopter,https://www.monster.de/jobs/c-volocopter
Volocopter,https://de.linkedin.com/company/volocopter/jobs
Volocopter,https://de.indeed.com/q-volocopter-jobs.html
Volocopter,https://www.volocopter.com/career/45840ca3-308d-4933-977f-b0bc2ed11988
Volocopter,https://www.monster.de/jobs/c-volocopter
Volocopter,https://de.indeed.com/q-volocopter-l-bruchsal-jobs.html
Holidu,https://www.holidu.com/careers
Holidu,https://de.linkedin.com/company/holidu/jobs
Holidu,https://www.linkedin.com/jobs/holidu-jobs-worldwide
Holidu,https://europeanjobdays.eu/en/company/holidu
Holidu,https://www.uni-passau.de/veranstaltungskalender/detail/event/career-talk-with-holidu-career-in-a-travel-tech-scale-up
Holidu,https://www.karriere.at/f/holidu
Holidu,https://www.hotelcareer.de/jobs/holidu-gmbh-108948
Grover,https://www.grover.com/de-en/g-about/grover-careers
Grover,https://www.linkedin.com/jobs/grover-stellen-berlin?trk=public_jobs_related_jserp_link
Grover,https://de.indeed.com/q-grover-jobs.html
Grover,https://www.xing.com/jobs/grover
Grover,https://www.grover.com/de-de/g-about/grover-careers
Grover,https://www.grover.com/de-en/g-about/grover-careers-2023
Grover,https://www.linkedin.com/jobs/grover-stellen-berlin?trk=public_jobs_related_jserp_link
Grover,https://de.indeed.com/q-grover-jobs.html
Grover,https://de.indeed.com/q-grover-l-berlin-jobs.html
commercetools,https://www.linkedin.com/jobs/commercetools-jobs-worldwide
commercetools,https://www.stepstone.de/cmp/de/commercetools-gmbh-283313/jobs
commercetools,https://de.indeed.com/q-commercetools-l-m%C3%BCnchen-jobs.html
commercetools,https://www.linkedin.com/jobs/commercetools-jobs-worldwide
commercetools,https://de.linkedin.com/company/commercetools/jobs
commercetools,https://www.stepstone.de/cmp/de/commercetools-gmbh-283313/jobs
commercetools,https://de.indeed.com/q-commercetools-l-m%C3%BCnchen-jobs.html
commercetools,https://de.indeed.com/q-commercetools-jobs.html
Lumenaza,https://www.linkedin.com/jobs/lumenaza-gmbh-jobs-worldwide
Lumenaza,https://www.stepstone.de/jobs/lumenaza-gmbh/in-berlin
Lumenaza,https://lumenaza.jobs.personio.de/?language=de
Lumenaza,https://www.linkedin.com/jobs/lumenaza-gmbh-jobs-worldwide
Lumenaza,https://www.stepstone.de/jobs/lumenaza-gmbh/in-berlin
Enpal,https://jobs.enpal.com/
Enpal,https://jobs.enpal.com/sales/
Enpal,https://jobs.enpal.com/corporate-functions/category/operations/f3d5cd10-fdff-42c5-96ff-3d43a0ba7b3a
Enpal,https://jobs.enpal.com/tech/
Enpal,https://jobs.enpal.com/corporate-functions/category/people/2712e692-a3c7-5825-90ae-0714e07d4d5e
Enpal,https://jobs.enpal.com/corporate-functions/category/communications-marketing/71fd79fa-368d-4167-8eca-04365a840ee3
Enpal,https://de.indeed.com/q-enpal-l-bayern-jobs.html
Enpal,https://de.linkedin.com/company/enpal/jobs
Enpal,https://de.indeed.com/q-enpal-l-bayern-jobs.html
Enpal,https://de.linkedin.com/company/enpal/jobs
Zeotap,https://zeotap.com/about-us/careers/
Zeotap,https://zeotap.com/careers-at-zeotap/
Zeotap,https://jobs.lever.co/zeotap
Zeotap,https://www.linkedin.com/jobs/zeotap-jobs-worldwide
Zeotap,https://wellfound.com/company/zeotap/jobs
Zeotap,https://startup.jobs/company/zeotap
airfocus,https://airfocus.com/careers/
airfocus,https://airfocus.jobs.personio.de/
airfocus,https://www.linkedin.com/jobs/airfocus-jobs-worldwide
airfocus,https://de.linkedin.com/jobs/airfocus-stellen
airfocus,https://airfocus.jobs.personio.de/?language=de
airfocus,https://wellfound.com/company/airfocus/jobs
Morressier,https://careers.morressier.com/
Morressier,https://careers.morressier.com/jobs
Morressier,https://careers.morressier.com/departments
Morressier,https://careers.morressier.com/departments/product
Morressier,https://careers.morressier.com/departments/engineering
Morressier,https://careers.morressier.com/departments/people-team
Morressier,https://morressier.jobs.personio.de/
Morressier,https://talent.cherry.vc/jobs/morressier
Morressier,https://wellfound.com/company/morressier-1/jobs
SimScale,https://www.simscale.com/jobs/
SimScale,https://www.linkedin.com/jobs/simscale-jobs-worldwide
SimScale,https://de.indeed.com/q-simscale-l-home-office-jobs.html
SimScale,https://www.linkedin.com/jobs/simscale-jobs-worldwide
SimScale,https://www.simscale.com/blog/career-path-story-ruben-benito/
SimScale,https://de.indeed.com/q-simscale-l-home-office-jobs.html
SimScale,https://de.linkedin.com/jobs/simscale-gmbh-stellen
Choco,https://choco.com/us/careers
Choco,https://choco.com/us/careers/open-roles
Choco,https://choco.com/us/careers/business
Choco,https://choco.com/us/careers/ops
Choco,https://choco.com/us/careers/epd
Choco,https://de.linkedin.com/company/choco-app/jobs
Choco,https://de.indeed.com/q-choco-l-berlin-jobs.html
Choco,https://choco.com/us/stories/life-at-choco/inside-sales-career
Choco,https://de.linkedin.com/jobs/choco-stellen-berlin
Choco,https://www.welcometothejungle.com/en/companies/choco/jobs
Finoa,https://www.finoa.io/careers/
Finoa,https://finoa.jobs.personio.com/
Finoa,https://www.linkedin.com/jobs/finoa-jobs-worldwide
Finoa,https://web3.career/web3-companies/finoa+germany
Finoa,https://finoa.jobs.personio.com/?language=de
Finoa,https://europeanjobdays.eu/en/company/finoa
sevDesk,https://www.linkedin.com/jobs/sevdesk-jobs-worldwide
sevDesk,https://sevdesk.de/karriere/
sevDesk,https://sevdesk.de/karriere/marketing-hr/
sevDesk,https://sevdesk.de/karriere/product/
sevDesk,https://sevdesk.de/karriere/customer-success-sales/
sevDesk,https://sevdesk.de/karriere/marketing-hr/
sevDesk,https://sevdesk.de/karriere/product/
sevDesk,https://sevdesk.de/karriere/customer-success-sales/
sevDesk,https://www.linkedin.com/jobs/sevdesk-jobs-worldwide
sevDesk,https://sevdesk.de/karriere/data-finance/
sevDesk,https://sevdesk.de/karriere/software-engineering/
sevDesk,https://de.linkedin.com/company/sevdesk-gmbh/jobs
Signavio,https://www.linkedin.com/jobs/signavio-jobs-berlin?trk=guest_job_search_related_jserp_link
Signavio,https://www.stepstone.de/jobs/signavio-gmbh/in-berlin
Signavio,https://de.indeed.com/q-sap-signavio-jobs.html
Signavio,https://www.signavio.com/news/hpi-connect-jobs-at-signavio/
Signavio,https://www.linkedin.com/jobs/signavio-jobs-berlin?trk=guest_job_search_related_jserp_link
Signavio,https://de.linkedin.com/company/signavio/jobs
Signavio,https://www.stepstone.de/jobs/signavio-gmbh/in-berlin
Signavio,https://de.indeed.com/q-sap-signavio-jobs.html
Signavio,https://www.signavio.com/thank-you-jobs/
Babbel,https://jobs.babbel.com/
Babbel,https://jobs.babbel.com/en/departments/engineering/
Babbel,https://jobs.babbel.com/life-at-babbel
Babbel,https://jobs.babbel.com/jobs/product---design/berlin/head-of-user-research--all-genders-/5970365?ref=Boooom.co
Babbel,https://de.linkedin.com/company/babbel-com/jobs
Babbel,https://de.indeed.com/q-babbel-l-berlin-jobs.html
Babbel,https://de.linkedin.com/company/babbel-com/jobs
Babbel,https://de.indeed.com/q-babbel-l-berlin-jobs.html
Silexica,https://jobs.workable.com/company/3Kod7VRq4Sf3dC5JJJc41o/jobs-at-silexica
Silexica,https://wellfound.com/company/silexica/jobs
Raisin,https://www.raisin.com/careers/
Raisin,https://www.raisin.bank/karriere/
Raisin,https://raisin.jobs.personio.de/
Raisin,https://raisin.jobs.personio.de/?language=de
Raisin,https://www.linkedin.com/jobs/raisin-jobs-worldwide
Raisin,https://de.indeed.com/q-raisin-bank-jobs.html
IDnow,https://de.indeed.com/q-idnow-jobs.html
IDnow,https://www.linkedin.com/jobs/idnow-jobs-worldwide
IDnow,https://www.idnow.io/de/karriere/
IDnow,https://www.idnow.io/de/karriere/hr/
IDnow,https://www.idnow.io/de/karriere/product/
IDnow,https://de.linkedin.com/company/idnow/jobs
IDnow,https://de.indeed.com/q-idnow-jobs.html
IDnow,https://www.linkedin.com/jobs/idnow-jobs-worldwide
Pricefx,https://www.linkedin.com/jobs/pricefx-jobs-worldwide
Pricefx,https://www.naukri.com/pricefx-jobs
Pricefx,https://www.pricefx.com/careers
Pricefx,https://www.linkedin.com/jobs/pricefx-jobs-worldwide
Pricefx,https://pricefx.jobs.cz/
Pricefx,https://builtin.com/company/pricefx/jobs
BRYTER,https://bryter.com/careers/
BRYTER,https://www.bryter-global.com/careers
Camunda,https://camunda.com/careers/
Camunda,https://camunda.com/de/careers/
Camunda,https://www.stepstone.de/jobs/camunda
Camunda,https://www.linkedin.com/company/camunda/jobs
Camunda,https://de.indeed.com/q-camunda-jobs.html
Camunda,https://www.stepstone.de/jobs/camunda
Camunda,https://camunda.com/career/career-details/
Camunda,https://de.linkedin.com/company/camunda/jobs
Camunda,https://de.indeed.com/q-camunda-jobs.html
Camunda,https://www.linkedin.com/jobs/camunda-jobs-worldwide
Camunda,https://www.indeed.com/q-camunda-jobs.html
Camunda,https://www.metajob.de/camunda
Clark,https://www.clark.io/career/
Clark,https://www.clark.de/ueber-uns/karriere/
Clark,https://www.stepstone.de/cmp/de/clark-holding-se-175054/jobs
Clark,https://www.clark.de/ueber-uns/karriere/
Clark,https://www.clarkassociatesinc.biz/careers/
sennder,https://www.sennder.com/de/karrieren
sennder,https://de.linkedin.com/company/sennder/jobs
sennder,https://www.linkedin.com/jobs/sennder-jobs-worldwide
sennder,https://de.indeed.com/q-sennder-jobs.html
sennder,https://de.indeed.com/q-sennder-l-berlin-jobs.html
SellerX,https://sellerx.com/de/careers/
SellerX,https://sellerx.com/de/karriere/
SellerX,https://sellerx.com/careers/?gh_jid=5153406004
SellerX,https://www.linkedin.com/jobs/sellerx-jobs-worldwide
SellerX,https://sellerx.com/careers-2/?gh_jid=4965612004
SellerX,https://talent.cherry.vc/jobs/sellerx
SellerX,https://de.indeed.com/q-sellerx-l-gro%C3%9Fbeeren-jobs.html
Blinkist,https://www.blinkist.com/en/jobs
Blinkist,https://www.linkedin.com/jobs/blinkist-jobs-worldwide
Blinkist,https://de.linkedin.com/jobs/blinkist-stellen-berlin
Blinkist,https://www.blinkist.com/de/content/collections/what-career-is-right-for-you-by-blinkist
Blinkist,https://de.indeed.com/q-blinkist-jobs.html
Blinkist,https://goodjobs.eu/company/blinkist
Omio,https://www.omio.com/corporate/jobs/
Omio,https://www.linkedin.com/company/omio/jobs/
Omio,https://de.linkedin.com/company/omio/jobs
Omio,https://de.indeed.com/q-omio-l-berlin-jobs.html
Omio,https://jobgether.com/remote-jobs/company-omio
Omio,https://de.indeed.com/q-omio-l-berlin-mitte-jobs.html
EqualTo,https://berlinstartupjobs.com/companies/equalto/
BITA,https://www.bita.id/careers
BITA,https://www.linkedin.com/jobs/bita-jobs-worldwide
BITA,https://bitaacademy.com/careers/
Dance,https://dance.co/de/jobs
Dance,https://www.indeed.com/career-advice/finding-a-job/dancer-careers
Dance,https://www.onedanceuk.org/programmes/careers-hub
Dance,https://nationalcareers.service.gov.uk/job-profiles/dancer
Dance,https://www.berklee.edu/careers/communities/dance
Dance,https://dancingopportunities.com/category/dance-jobs/
Dance,https://www.onedanceuk.org/media/scgk3noa/a-guide-to-careers-in-dance.pdf
Transporeon,https://career.transporeon.com/
Transporeon,https://www.transporeon.com/en/career/culture-and-benefits
Transporeon,https://de.linkedin.com/company/transporeon/jobs
Transporeon,https://de.indeed.com/q-transporeon-jobs.html
Transporeon,https://earlycareerpro-transporeon.career.softgarden.de/
Transporeon,https://de.linkedin.com/company/transporeon/jobs
Transporeon,https://www.linkedin.com/jobs/transporeon-jobs-worldwide
Transporeon,https://de.indeed.com/q-transporeon-jobs.html
Transporeon,https://earlycareerpro-transporeon.career.softgarden.de/
Taxfix,https://taxfix.de/en/careers/
Taxfix,https://www.linkedin.com/jobs/taxfix-jobs-berlin?trk=public_jobs_related_jserp_link
Taxfix,https://de.linkedin.com/company/taxfix/jobs
Taxfix,https://de.indeed.com/q-taxfix-jobs.html
Taxfix,https://berlinstartupjobs.com/de/companies/taxfix/
Nuri,https://web3.career/web3-companies/nuri+berlin
Nuri,https://web3.career/web3-companies/nuri
Nuri,https://nuri.ag/jobs/
Nuri,https://jobs-nuri.icims.com/
Upvest,https://careers.upvest.co/
Upvest,https://careers.upvest.co/jobs
Upvest,https://careers.upvest.co/departments/engineering
Upvest,https://careers.upvest.co/departments/people-team
Upvest,https://careers.upvest.co/departments/product
Upvest,https://careers.upvest.co/departments/operations
Upvest,https://www.linkedin.com/jobs/upvest-jobs-worldwide
Upvest,https://de.indeed.com/q-upvest-jobs.html
Upvest,https://careers.upvest.co/
Staffbase,https://staffbase.com/jobs/
Staffbase,https://staffbase.com/jobs/all/
Staffbase,https://staffbase.com/jobs/teams-locations/berlin/
Staffbase,https://staffbase.com/jobs/teams-locations/chemnitz/
Staffbase,https://staffbase.com/jobs/teams-locations/new-york/
Staffbase,https://staffbase.com/jobs/teams-locations/cologne/
Staffbase,https://de.indeed.com/q-staffbase-jobs.html
Staffbase,https://www.linkedin.com/jobs/staffbase-jobs-worldwide
Staffbase,https://www.stepstone.de/jobs/staffbase-c-o-employeeapp-gmbh
Staffbase,https://de.indeed.com/q-staffbase-jobs.html
Staffbase,https://www.linkedin.com/jobs/staffbase-jobs-worldwide
Staffbase,https://staffbase.com/jobs/
AMBOSS,https://careers.amboss.com/departments/medical/
AMBOSS,https://careers.amboss.com/locations/remote/
AMBOSS,https://careers.amboss.com/jobs/
AMBOSS,https://careers.amboss.com/
AMBOSS,https://careers.amboss.com/jobs/
AMBOSS,https://careers.amboss.com/departments/medical/
AMBOSS,https://careers.amboss.com/locations/cologne/
AMBOSS,https://careers.amboss.com/life-at-amboss/
AMBOSS,https://de.linkedin.com/company/amboss-md/jobs
AMBOSS,https://careers.amboss.com/jobs/job-39c83f/
AMBOSS,https://de.indeed.com/q-amboss-jobs.html
Tourlane,https://www.stepstone.de/cmp/de/tourlane-gmbh-189379/jobs
Tourlane,https://www.linkedin.com/jobs/tourlane-jobs-worldwide
Tourlane,https://de.indeed.com/q-tourlane-tourlane-jobs.html
Tourlane,https://careers.tourlane.com/
Tourlane,https://careers.tourlane.com/application/4267121101?gh_jid=4267121101
Tourlane,https://careers.tourlane.com/application/4311834101
Tourlane,https://careers.tourlane.com/application/4242177101?gh_jid=4242177101
Tourlane,https://careers.tourlane.com/application/4290661101?gh_jid=4290661101
Tourlane,https://careers.tourlane.com/application/4301694101?gh_jid=4301694101
Tourlane,https://www.stepstone.de/cmp/de/tourlane-gmbh-189379/jobs
Tourlane,https://www.linkedin.com/jobs/tourlane-jobs-worldwide
Tourlane,https://de.indeed.com/q-tourlane-tourlane-jobs.html
Tourlane,https://de.indeed.com/q-company%3A-tourlane-jobs.html
Centrifuge,https://www.indeed.com/q-centrifuge-jobs.html
Centrifuge,https://www.naukri.com/centrifuges-jobs
Centrifuge,https://jobs.lever.co/centrifuge
Centrifuge,https://cryptocurrencyjobs.co/startups/centrifuge/
Centrifuge,https://web3.career/web3-companies/centrifuge
Centrifuge,https://careers.fabric.vc/jobs/centrifuge
Centrifuge,https://jobs.atlanticlabsfoodlabsplatform.com/jobs/centrifuge
Centrifuge,https://www.centrifugegroup.com/career/
Centrifuge,https://berlinstartupjobs.com/companies/centrifuge/
Lingoda,https://www.lingoda.com/en/p/careers/
Lingoda,https://www.lingoda.com/en/p/careers/unsolicited-application/
Lingoda,https://www.linkedin.com/jobs/lingoda-gmbh-jobs-worldwide
Lingoda,https://de.indeed.com/q-lingoda-jobs.html
Lingoda,https://www.linkedin.com/jobs/lingoda-gmbh-jobs-worldwide
Lingoda,https://de.indeed.com/q-lingoda-jobs.html
Lingoda,https://jobs.lever.co/lingoda
Lingoda,https://startup.jobs/company/lingoda-2
StudySmarter,https://www.studysmarter.de/karriere/
StudySmarter,https://talents.studysmarter.de/jobs/
StudySmarter,https://studysmarter.jobs.personio.de/
StudySmarter,https://www.studysmarter.co.uk/career/
StudySmarter,https://www.studysmarter.com/jobs
StudySmarter,https://www.studysmarter.de/magazine/jobs-und-bewerbungen/
StudySmarter,https://studysmarter.jobs.personio.de/?language=de
OptioPay,https://www.datacareer.de/company/1914/optiopay-group/
Stocard,https://stocardapp.com/de/de/jobs
Stocard,https://landing.jobs/at/stocard
Stocard,https://mcei.de/jobs/join-stocard-as-working-student
scoutbee,https://www.linkedin.com/jobs/scoutbee-jobs-worldwide
scoutbee,https://www.linkedin.com/jobs/scoutbee-jobs-worldwide
cargo.one,https://www.cargo.one/careers
cargo.one,https://www.linkedin.com/jobs/cargo.one-jobs-worldwide
PlusDental,https://de.linkedin.com/jobs/plusdental-stellen
PlusDental,https://www.facebook.com/plusdental.careers/
PlusDental,https://www.linkedin.com/jobs/plusdental-stellen-berlin?trk=public_jobs_related_jserp_link
PlusDental,https://www.instagram.com/plusdental.careers/?hl=de
PlusDental,https://www.hotelcareer.de/jobs/plusdental-117827
KONUX,https://www.konux.com/de/karriere/
KONUX,https://www.konux.com/careers/?jobid=59363
KONUX,https://www.linkedin.com/jobs/konux-jobs-worldwide
KONUX,https://de.indeed.com/q-konux-jobs.html
Cosuno,https://jobs.ashbyhq.com/cosuno
Cosuno,https://www.linkedin.com/jobs/cosuno-jobs-worldwide
Cosuno,https://talent.cherry.vc/jobs/cosuno
CrossLend,https://crosslend.com/tag/careers/
CrossLend,https://crosslend.com/tag/careers/
CrossLend,https://landing.jobs/at/crosslend-gmbh
CrossLend,https://www.datacareer.de/company/1950/crosslend/
Kontist,https://www.linkedin.com/jobs/kontist-jobs-worldwide
Kontist,https://www.flexjobs.com/remote-jobs/company/kontist
CHRONEXT,https://www.linkedin.com/jobs/chronext-jobs-worldwide
CHRONEXT,https://de.indeed.com/q-chronext-service-germany-jobs.html
CHRONEXT,https://chronext.jobs.personio.de/?language=de
CHRONEXT,https://www.chronext.com/careers
CHRONEXT,https://www.chronext.ch/careers
CHRONEXT,https://chronext.jobs.personio.de/job/51659?language=de
CHRONEXT,https://www.linkedin.com/jobs/chronext-jobs-worldwide
finn.auto,https://de.linkedin.com/jobs/finn.auto-stellen
Moonfare,https://www.moonfare.com/careers
Moonfare,https://de.linkedin.com/company/moonfare/jobs
Moonfare,https://www.linkedin.com/jobs/moonfare-jobs-worldwide
Moonfare,https://wellfound.com/company/moonfare/jobs
Moonfare,https://de.indeed.com/q-moonfare-jobs.html
Gorillas,https://de.linkedin.com/jobs/gorillas-stellen
Gorillas,https://www.youngcapital.de/stellenangebote/2887308-entscheide-dich-fur-einen-gorillas-picker-job-m-w-d
Gorillas,https://www.xing.com/jobs/gorillas
Gorillas,https://de.linkedin.com/jobs/gorillas-stellen
Gorillas,https://www.youngcapital.de/stellenangebote/2887308-entscheide-dich-fur-einen-gorillas-picker-job-m-w-d
Lykon,https://careers.lykon.com/
Lykon,https://www.linkedin.com/jobs/lykon-jobs-worldwide
Lykon,https://berlinstartupjobs.com/companies/lykon/
ResearchGate,https://www.researchgate.net/careers/people-generalist-51382634-4ac5-4a26-b9e3-ea4532408b26
ResearchGate,https://www.researchgate.net/jobs
ResearchGate,https://www.researchgate.net/jobs/Research-jobs-in-Germany
ResearchGate,https://www.researchgate.net/jobs/Research-jobs-in-Switzerland
ResearchGate,https://www.researchgate.net/jobs/Research-jobs-in-United_Kingdom
ResearchGate,https://www.researchgate.net/jobs/Research-jobs-in-Austria
ResearchGate,https://www.linkedin.com/company/researchgate/jobs
ResearchGate,https://www.researchgate.net/jobs/Research-jobs-in-Germany
ResearchGate,https://de.linkedin.com/company/researchgate/jobs
ResearchGate,https://berlinstartupjobs.com/companies/researchgate/
ResearchGate,https://www.researchgate.net/jobs/search/PhD?page=1&regions=
ResearchGate,https://www.researchgate.net/scientific-recruitment/jobs
Cleanhub,https://goodjobs.eu/company/cleanhub-gmbh
Cleanhub,https://jobs.aenu.com/jobs/cleanhub
n8n.io,https://community.n8n.io/c/jobs/13
